Sample,Index 1,Sequence 1,Index 2,Sequence 2,Experiment
D1_1,S501,TAGATCGC,N701,TCGCCTTA,ALG7
D1_2,S502,CTCTCTAT,N701,TCGCCTTA,MCM7
D1_3,S503,TATCCTCT,N701,TCGCCTTA,URA10
D1_4,S504,AGAGTAGA,N701,TCGCCTTA,LSM8
D1_5,S505,GTAAGGAG,N701,TCGCCTTA,ALG7
D1_6,S506,ACTGCATA,N701,TCGCCTTA,ERG11
D1_7,S507,AAGGAGTA,N701,TCGCCTTA,FAS1
D1_8,S508,CTAAGCCT,N701,TCGCCTTA,TUB2
D1_9,S509,GGCTACTC,N701,TCGCCTTA,TUB4
D1_10,S510,CCTCAGAC,N701,TCGCCTTA,PRE7
D1_11,S511,TCCTTACG,N701,TCGCCTTA,URA10
D1_12,S512,ACGCGTGG,N701,TCGCCTTA,ACT1
D1_13,S513,GGAACTCC,N701,TCGCCTTA,ALG7
D1_14,S514,TGGCCATG,N701,TCGCCTTA,CCT4
D1_15,S515,GAGAGATT,N701,TCGCCTTA,CMD1
D1_16,S516,CGCGGTTA,N701,TCGCCTTA,PUP2
D1_17,S517,GACCGCCA,N701,TCGCCTTA,RET2
D1_18,S518,TAAGATGG,N701,TCGCCTTA,RHO1
D1_19,S519,ATTGACAT,N701,TCGCCTTA,RRP7
D1_20,S520,AGCCAACT,N701,TCGCCTTA,TAD3
D1_21,S521,TACTAGGT,N701,TCGCCTTA,RPS2
D1_22,S522,TCACGGTT,N701,TCGCCTTA,URA10
D1_23,S523,TGTAATGA,N701,TCGCCTTA,POP1
D1_24,S524,CACGTCAG,N701,TCGCCTTA,PRE6
D1_25,S525,CTGAATTC,N701,TCGCCTTA,RPS13
D1_26,S526,CGTACCGG,N701,TCGCCTTA,RPT5
D1_27,S527,GATGACGG,N701,TCGCCTTA,RSC4
D1_28,S528,TATAGACG,N701,TCGCCTTA,SEC13
D1_29,S529,GTCATTGA,N701,TCGCCTTA,SLD3
D1_30,S530,GCATCGTT,N701,TCGCCTTA,SPC24
D1_31,S531,AGGTTGAC,N701,TCGCCTTA,STU1
D1_32,S532,TGAAACTG,N701,TCGCCTTA,TCP1
D1_33,S533,CAATCACA,N701,TCGCCTTA,URA10
D1_34,S534,ACATGCAA,N701,TCGCCTTA,ura10-25
D5_1,S501,TAGATCGC,N702,CTAGTACG,ALG7
D5_2,S502,CTCTCTAT,N702,CTAGTACG,MCM7
D5_3,S503,TATCCTCT,N702,CTAGTACG,URA10
D5_4,S504,AGAGTAGA,N702,CTAGTACG,LSM8
D5_5,S505,GTAAGGAG,N702,CTAGTACG,ALG7
D5_6,S506,ACTGCATA,N702,CTAGTACG,ERG11
D5_7,S507,AAGGAGTA,N702,CTAGTACG,FAS1
D5_8,S508,CTAAGCCT,N702,CTAGTACG,TUB2
D5_9,S509,GGCTACTC,N702,CTAGTACG,TUB4
D5_10,S510,CCTCAGAC,N702,CTAGTACG,PRE7
D5_11,S511,TCCTTACG,N702,CTAGTACG,URA10
D5_12,S512,ACGCGTGG,N702,CTAGTACG,ACT1
D5_13,S513,GGAACTCC,N702,CTAGTACG,ALG7
D5_14,S514,TGGCCATG,N702,CTAGTACG,CCT4
D5_15,S515,GAGAGATT,N702,CTAGTACG,CMD1
D5_16,S516,CGCGGTTA,N702,CTAGTACG,PUP2
D5_17,S517,GACCGCCA,N702,CTAGTACG,RET2
D5_18,S518,TAAGATGG,N702,CTAGTACG,RHO1
D5_19,S519,ATTGACAT,N702,CTAGTACG,RRP7
D5_20,S520,AGCCAACT,N702,CTAGTACG,TAD3
D5_21,S521,TACTAGGT,N702,CTAGTACG,RPS2
D5_22,S522,TCACGGTT,N702,CTAGTACG,URA10
D5_23,S523,TGTAATGA,N702,CTAGTACG,POP1
D5_24,S524,CACGTCAG,N702,CTAGTACG,PRE6
D5_25,S525,CTGAATTC,N702,CTAGTACG,RPS13
D5_26,S526,CGTACCGG,N702,CTAGTACG,RPT5
D5_27,S527,GATGACGG,N702,CTAGTACG,RSC4
D5_28,S528,TATAGACG,N702,CTAGTACG,SEC13
D5_29,S529,GTCATTGA,N702,CTAGTACG,SLD3
D5_30,S530,GCATCGTT,N702,CTAGTACG,SPC24
D5_31,S531,AGGTTGAC,N702,CTAGTACG,STU1
D5_32,S532,TGAAACTG,N702,CTAGTACG,TCP1
D5_33,S533,CAATCACA,N702,CTAGTACG,URA10
D5_34,S534,ACATGCAA,N702,CTAGTACG,ura10-25